First Name,Last Name,Email,Phone Number,Country 
Robert,Brent ,robertbrent@gmail.com,2269610541,Canada
Tom,Harold ,tomharold@gmail.com,2269610542,Canada
Dylan,Smith,dylansmith@gmail.com,2269610543,United States
Shane,Cardoz,shanecardoz@gmail.com,2269610544,United States
Steven,Florio,stevenfloria@gmail.com,2269610545,United States